82,M Shirts UK sleeves size,14/33,S
82,M Shirts UK sleeves size,14.5/33,S
82,M Shirts UK sleeves size,15/33,M
82,M Shirts UK sleeves size,15.5/33,M
82,M Shirts UK sleeves size,16/33,L
82,M Shirts UK sleeves size,16.5/33,L
82,M Shirts UK sleeves size,17/33,XL
82,M Shirts UK sleeves size,17.5/33,XL
82,M Shirts UK sleeves size,18/33,XXL
82,M Shirts UK sleeves size,18.5/33,XXL
82,M Shirts UK sleeves size,14/34,S
82,M Shirts UK sleeves size,14.5/34,S
82,M Shirts UK sleeves size,15/34,M
82,M Shirts UK sleeves size,15.5/34,M
82,M Shirts UK sleeves size,16/34,L
82,M Shirts UK sleeves size,16.5/34,L
82,M Shirts UK sleeves size,17/34,XL
82,M Shirts UK sleeves size,17.5/34,XL
82,M Shirts UK sleeves size,18/34,XXL
82,M Shirts UK sleeves size,18.5/34,XXL
82,M Shirts UK sleeves size,14/35,S
82,M Shirts UK sleeves size,14.5/35,S
82,M Shirts UK sleeves size,15/35,M
82,M Shirts UK sleeves size,15.5/35,M
82,M Shirts UK sleeves size,16/35,L
82,M Shirts UK sleeves size,16.5/35,L
82,M Shirts UK sleeves size,17/35,XL
82,M Shirts UK sleeves size,17.5/35,XL
82,M Shirts UK sleeves size,18/35,XXL
82,M Shirts UK sleeves size,18.5/35,XXL
